﻿<?xml version="1.0" encoding="utf-8"?>
<deployment>
  <id>3c1cafb0-0057-4a5a-84a3-ab37055617ec</id>
  <author>N/A</author>
  <deployer>Push-Deployer</deployer>
  <authorEmail>N/A</authorEmail>
  <message>Created via a push deployment</message>
  <progress></progress>
  <status>Success</status>
  <statusText></statusText>
  <lastSuccessEndTime>2026-02-01T19:44:51.998833Z</lastSuccessEndTime>
  <receivedTime>2026-02-01T19:41:10.7670097Z</receivedTime>
  <startTime>2026-02-01T19:41:12.3400058Z</startTime>
  <endTime>2026-02-01T19:44:51.998833Z</endTime>
  <complete>True</complete>
  <is_temp>False</is_temp>
  <is_readonly>True</is_readonly>
  <containerId>d862822f4f43</containerId>
  <buildSummary />
</deployment>