<step title="Incoming Request" date="2026-02-01T20:01:27.117" instance="b42e88" url="/api/zipdeploy?isAsync=true" method="POST" type="request" pid="781,1,16" Accept="*/*" Host="bookismartia-backend.scm.azurewebsites.net" User-Agent="AZURECLI/2.80.0 (MSI)" Accept-Encoding="gzip, deflate" Authorization="Bea..." Cache-Control="no-cache" Content-Type="application/octet-stream" Content-Length="5313685" x-ms-client-request-id="940555bd-ff76-11f0-ae40-50bbb5abc2b7" x-ms-artifact-checksum="916bf91966008ec543a7f978195ee7c03a466e302ad546cc1d7e61d262080d2e" X-ARR-LOG-ID="940555bd-ff76-11f0-ae40-50bbb5abc2b7" CLIENT-IP="186.43.212.48:32315" X-SITE-DEPLOYMENT-ID="bookismartia-backend" WAS-DEFAULT-HOSTNAME="bookismartia-backend.scm.azurewebsites.net" X-Forwarded-Proto="https" X-AppService-Proto="https" X-Forwarded-TlsVersion="1.3" X-WAWS-Unencoded-URL="/api/zipdeploy?isAsync=true" X-Client-IP="186.43.212.48" X-Client-Port="32315" >
  <step title="Cleanup Xml Logs" date="2026-02-01T20:01:27.126" /><!-- duration: 6ms -->
  <step title="ZipPushDeploy" date="2026-02-01T20:01:27.265" >
    <step title="ZipDeploy. Extract zip. Remote build." date="2026-02-01T20:01:27.282" /><!-- duration: 4ms -->
    <step title="None repository commit" date="2026-02-01T20:01:27.295" >
      <step title="Commit id: accd3a4d-3afb-429d-8144-ced2ed06fffa" date="2026-02-01T20:01:27.298" Message="N/A" AuthorName="N/A" AuthorEmail="N/A" /><!-- duration: 6ms -->
    </step><!-- duration: 14ms -->
    <step title="Starting PushDeployAsync" date="2026-02-01T20:01:27.326" /><!-- duration: 8ms -->
    <step title="Writing artifact to /tmp/zipdeploy/3d4e9d90-ac9b-436c-925b-4c320076a156.zip" date="2026-02-01T20:01:27.408" >
      <step title="Writing multipart request body to /tmp/zipdeploy/3d4e9d90-ac9b-436c-925b-4c320076a156.zip" date="2026-02-01T20:01:27.426" /><!-- duration: 11ms -->
    </step><!-- duration: 2135ms -->
    <step title="Removing previous build artifact&apos;s manifest file" date="2026-02-01T20:01:29.574" >
      <step title="Start deployment in the background" date="2026-02-01T20:01:29.623" >
        <step title="Acquiring Deployment Lock" date="2026-02-01T20:01:29.707" /><!-- duration: 8ms -->
        <step title="Acquired Deployment Lock" date="2026-02-01T20:01:29.795" /><!-- duration: 3ms -->
      </step><!-- duration: 297ms -->
    </step><!-- duration: 364ms -->
    <step title="Outgoing response" date="2026-02-01T20:01:29.976" type="response" statusCode="202" statusText="Accepted" /><!-- duration: 25ms -->
  </step><!-- duration: 2739ms -->
