<step title="BackgroundTrace" date="2026-02-01T19:41:05.330" instance="b42e88" url="/api/zipdeploy" method="POST" >
  <step title="Creating temporary deployment - FetchDeploymentManager" date="2026-02-01T19:41:05.393" /><!-- duration: 2ms -->
  <step title="Creating temporary deployment" date="2026-02-01T19:41:05.399" /><!-- duration: 91ms -->
  <step title="Performing fetch based deployment" date="2026-02-01T19:41:05.526" >
    <step title="Cleaning up temp folders from previous zip deployments and extracting pushed zip file /tmp/zipdeploy/039ba5ef-783b-4c35-837e-73996452a3fe.zip (5.07 MB) to /tmp/zipdeploy/extracted" date="2026-02-01T19:41:06.887" >
      <step title="ChmodRecursive Process exited with total time taken in ms: 260" date="2026-02-01T19:41:08.434" /><!-- duration: 22ms -->
    </step><!-- duration: 1572ms -->
    <step title="Deployment timer started" date="2026-02-01T19:41:10.500" >
      <step title="DeploymentManager.Deploy(id:3c1cafb0-0057-4a5a-84a3-ab37055617ec)" date="2026-02-01T19:41:10.529" >
        <step title="Collecting changeset information" date="2026-02-01T19:41:10.667" /><!-- duration: 221ms -->
        <step title="Updating submodules" date="2026-02-01T19:41:10.909" /><!-- duration: 1280ms -->
        <step title="Determining deployment builder" date="2026-02-01T19:41:12.415" >
          <step title="Builder is OryxBuilder" date="2026-02-01T19:41:12.431" /><!-- duration: 10ms -->
        </step><!-- duration: 30ms -->
        <step title="PreDeployment: context.CleanOutputPath False" date="2026-02-01T19:41:12.493" >
          <step title="PreDeployment: context.OutputPath /home/site/wwwroot" date="2026-02-01T19:41:12.620" >
            <step title="Building" date="2026-02-01T19:41:12.942" >
              <step title="Executing external process" date="2026-02-01T19:41:13.310" type="process" path="bash" arguments="-c &quot;oryx build /tmp/zipdeploy/extracted -o /home/site/wwwroot --platform python --platform-version 3.11 -p virtualenv_name=antenv --log-file /tmp/build-debug.log  -i /tmp/8de61c9db0c5e78 --compress-destination-dir | tee /tmp/oryx-build.log ; exit $PIPESTATUS &quot;" >
                <step title="Cpu: python(1176,10.800s)+ts(1177,0.210s)+build.sh(1175,0.000s)+build.sh(1174,0.000s)+build.sh(1086,0.090s)+oryx(1066,7.310s)+tee(1067,0.010s)+bash(1065,0.000s)=total(18.410s)" date="2026-02-01T19:43:04.217" /><!-- duration: 30ms -->
                <step title="bash: no io activity for 60s, prev-cpu=-1.000s, current-cpu=18.410s" date="2026-02-01T19:43:04.257" /><!-- duration: 11ms -->
              </step><!-- duration: 216496ms -->
              <step title="Using PythonDeploymentLogParser" date="2026-02-01T19:44:50.263" /><!-- duration: 5ms -->
              <step title="Triggering recycle (preview mode disabled)." date="2026-02-01T19:44:51.525" /><!-- duration: 9ms -->
              <step title="Modified file to trigger a restart of the app container." date="2026-02-01T19:44:51.585" /><!-- duration: 3ms -->
              <step title="Skip function trigger and logicapp sync because function is not enabled." date="2026-02-01T19:44:51.621" /><!-- duration: 15ms -->
              <step title="Purge deployment items" date="2026-02-01T19:44:52.318" >
                <step title="Remove acf03f5d-, Failed, received at 02/01/2026 19:33:11" date="2026-02-01T19:44:52.413" /><!-- duration: 4ms -->
              </step><!-- duration: 121ms -->
            </step><!-- duration: 219567ms -->
          </step><!-- duration: 219892ms -->
          <step title="Cleaning up temp files" date="2026-02-01T19:44:52.515" /><!-- duration: 2980ms -->
          <step title="Cleaning up temp files" date="2026-02-01T19:44:55.546" /><!-- duration: 552ms -->
          <step title="Reloading status file with latest updates" date="2026-02-01T19:44:56.130" >
            <step title="WebHooksManager.PublishEventAsync: PostDeployment" date="2026-02-01T19:44:56.135" /><!-- duration: 115ms -->
          </step><!-- duration: 124ms -->
          <step title="Cleaning up temporary deployment - fetch deployment was successful" date="2026-02-01T19:44:56.275" /><!-- duration: 6ms -->
        </step><!-- duration: 223840ms -->
      </step><!-- duration: 225828ms -->
