<step title="BackgroundTrace" date="2026-02-01T20:01:29.643" instance="b42e88" url="/api/zipdeploy" method="POST" >
  <step title="Creating temporary deployment - FetchDeploymentManager" date="2026-02-01T20:01:29.801" /><!-- duration: 3ms -->
  <step title="Creating temporary deployment" date="2026-02-01T20:01:29.809" /><!-- duration: 107ms -->
  <step title="Performing fetch based deployment" date="2026-02-01T20:01:30.024" >
    <step title="Cleaning up temp folders from previous zip deployments and extracting pushed zip file /tmp/zipdeploy/3d4e9d90-ac9b-436c-925b-4c320076a156.zip (5.07 MB) to /tmp/zipdeploy/extracted" date="2026-02-01T20:01:31.245" >
      <step title="ChmodRecursive Process exited with total time taken in ms: 250" date="2026-02-01T20:01:32.493" /><!-- duration: 5ms -->
    </step><!-- duration: 1264ms -->
    <step title="Deployment timer started" date="2026-02-01T20:01:34.538" >
      <step title="DeploymentManager.Deploy(id:accd3a4d-3afb-429d-8144-ced2ed06fffa)" date="2026-02-01T20:01:34.567" >
        <step title="Collecting changeset information" date="2026-02-01T20:01:34.598" /><!-- duration: 138ms -->
        <step title="Updating submodules" date="2026-02-01T20:01:34.756" /><!-- duration: 1249ms -->
        <step title="Determining deployment builder" date="2026-02-01T20:01:36.318" >
          <step title="Builder is OryxBuilder" date="2026-02-01T20:01:36.367" /><!-- duration: 10ms -->
        </step><!-- duration: 68ms -->
        <step title="PreDeployment: context.CleanOutputPath False" date="2026-02-01T20:01:36.434" >
          <step title="PreDeployment: context.OutputPath /home/site/wwwroot" date="2026-02-01T20:01:36.670" >
            <step title="Building" date="2026-02-01T20:01:36.864" >
              <step title="Executing external process" date="2026-02-01T20:01:37.711" type="process" path="bash" arguments="-c &quot;oryx build /tmp/zipdeploy/extracted -o /home/site/wwwroot --platform python --platform-version 3.11 -p virtualenv_name=antenv --log-file /tmp/build-debug.log  -i /tmp/8de61ccb4922ebd --compress-destination-dir | tee /tmp/oryx-build.log ; exit $PIPESTATUS &quot;" >
                <step title="Cpu: gzip(904,5.550s)+tar(903,2.440s)+build.sh(892,0.030s)+oryx(871,9.650s)+tee(872,0.010s)+bash(869,0.010s)=total(17.690s)" date="2026-02-01T20:03:00.842" /><!-- duration: 196ms -->
                <step title="bash: no io activity for 60s, prev-cpu=-1.000s, current-cpu=17.690s" date="2026-02-01T20:03:01.091" /><!-- duration: 21ms -->
                <step title="Cpu: python(1015,32.150s)+ts(1016,0.180s)+build.sh(1014,0.000s)+build.sh(1013,0.000s)+build.sh(892,0.120s)+oryx(871,10.060s)+tee(872,0.010s)+bash(869,0.010s)=total(42.530s)" date="2026-02-01T20:04:58.187" /><!-- duration: 20ms -->
                <step title="bash: no io activity for 61s, prev-cpu=-1.000s, current-cpu=42.530s" date="2026-02-01T20:04:58.244" /><!-- duration: 9ms -->
              </step><!-- duration: 268718ms -->
              <step title="Using PythonDeploymentLogParser" date="2026-02-01T20:06:07.779" /><!-- duration: 5ms -->
              <step title="Triggering recycle (preview mode disabled)." date="2026-02-01T20:06:09.253" /><!-- duration: 14ms -->
              <step title="Modified file to trigger a restart of the app container." date="2026-02-01T20:06:09.302" /><!-- duration: 3ms -->
              <step title="Skip function trigger and logicapp sync because function is not enabled." date="2026-02-01T20:06:09.316" /><!-- duration: 4ms -->
            </step><!-- duration: 273215ms -->
          </step><!-- duration: 273414ms -->
          <step title="Cleaning up temp files" date="2026-02-01T20:06:10.087" /><!-- duration: 3353ms -->
          <step title="Cleaning up temp files" date="2026-02-01T20:06:13.467" /><!-- duration: 524ms -->
          <step title="Reloading status file with latest updates" date="2026-02-01T20:06:14.020" >
            <step title="WebHooksManager.PublishEventAsync: PostDeployment" date="2026-02-01T20:06:14.024" /><!-- duration: 530ms -->
          </step><!-- duration: 552ms -->
          <step title="Cleaning up temporary deployment - fetch deployment was successful" date="2026-02-01T20:06:14.583" /><!-- duration: 3ms -->
        </step><!-- duration: 278205ms -->
      </step><!-- duration: 280101ms -->
