<step title="Incoming Request" date="2026-02-01T19:41:04.613" instance="b42e88" url="/api/zipdeploy?isAsync=true" method="POST" type="request" pid="774,1,24" Accept="*/*" Host="bookismartia-backend.scm.azurewebsites.net" User-Agent="AZURECLI/2.80.0 (MSI)" Accept-Encoding="gzip, deflate" Authorization="Bea..." Cache-Control="no-cache" Content-Type="application/octet-stream" Content-Length="5313272" x-ms-client-request-id="b9b7735d-ff73-11f0-85ec-50bbb5abc2b7" x-ms-artifact-checksum="7fd4dc367dc4829de0ccd38b068aba6494b23a5f9ca47d0aad1afca71cf896aa" X-ARR-LOG-ID="b9b7735d-ff73-11f0-85ec-50bbb5abc2b7" CLIENT-IP="186.43.212.48:32255" X-SITE-DEPLOYMENT-ID="bookismartia-backend" WAS-DEFAULT-HOSTNAME="bookismartia-backend.scm.azurewebsites.net" X-Forwarded-Proto="https" X-AppService-Proto="https" X-Forwarded-TlsVersion="1.3" X-WAWS-Unencoded-URL="/api/zipdeploy?isAsync=true" X-Client-IP="186.43.212.48" X-Client-Port="32255" >
  <step title="Cleanup Xml Logs" date="2026-02-01T19:41:04.623" /><!-- duration: 38ms -->
  <step title="ZipPushDeploy" date="2026-02-01T19:41:04.674" >
    <step title="ZipDeploy. Extract zip. Remote build." date="2026-02-01T19:41:04.687" /><!-- duration: 3ms -->
    <step title="Starting PushDeployAsync" date="2026-02-01T19:41:04.693" /><!-- duration: 3ms -->
    <step title="Writing artifact to /tmp/zipdeploy/039ba5ef-783b-4c35-837e-73996452a3fe.zip" date="2026-02-01T19:41:04.712" >
      <step title="Writing multipart request body to /tmp/zipdeploy/039ba5ef-783b-4c35-837e-73996452a3fe.zip" date="2026-02-01T19:41:04.724" /><!-- duration: 3ms -->
    </step><!-- duration: 599ms -->
    <step title="Start deployment in the background" date="2026-02-01T19:41:05.323" >
      <step title="Acquiring Deployment Lock" date="2026-02-01T19:41:05.352" /><!-- duration: 11ms -->
      <step title="Acquired Deployment Lock" date="2026-02-01T19:41:05.388" /><!-- duration: 2ms -->
    </step><!-- duration: 169ms -->
  </step><!-- duration: 826ms -->
  <step title="Outgoing response" date="2026-02-01T19:41:05.504" type="response" statusCode="202" statusText="Accepted" /><!-- duration: 3ms -->
</step><!-- duration: 896ms -->
