<step title="Incoming Request" date="2026-02-01T19:32:46.850" instance="b42e88" url="/api/zipdeploy?isAsync=true" method="POST" type="request" pid="774,1,7" Accept="*/*" Host="bookismartia-backend.scm.azurewebsites.net" User-Agent="AZURECLI/2.80.0 (MSI)" Accept-Encoding="gzip, deflate" Authorization="Bea..." Cache-Control="no-cache" Content-Type="application/octet-stream" Content-Length="5288530" x-ms-client-request-id="56f385c5-ff72-11f0-8621-50bbb5abc2b7" x-ms-artifact-checksum="d2c51284d168257e98eb860e0f69e9e7c7649ac8baf46a3347c253e550beeeed" X-ARR-LOG-ID="56f385c5-ff72-11f0-8621-50bbb5abc2b7" CLIENT-IP="186.43.212.48:55673" X-SITE-DEPLOYMENT-ID="bookismartia-backend" WAS-DEFAULT-HOSTNAME="bookismartia-backend.scm.azurewebsites.net" X-Forwarded-Proto="https" X-AppService-Proto="https" X-Forwarded-TlsVersion="1.3" X-WAWS-Unencoded-URL="/api/zipdeploy?isAsync=true" X-Client-IP="186.43.212.48" X-Client-Port="55673" >
  <step title="ZipPushDeploy" date="2026-02-01T19:32:55.169" >
    <step title="ZipDeploy. Extract zip. Remote build." date="2026-02-01T19:32:55.209" /><!-- duration: 52ms -->
    <step title="None repository commit" date="2026-02-01T19:32:55.320" >
      <step title="Commit id: acf03f5d-e02c-44b9-af23-f3aa0cad6e3a" date="2026-02-01T19:32:55.339" Message="N/A" AuthorName="N/A" AuthorEmail="N/A" /><!-- duration: 19ms -->
    </step><!-- duration: 78ms -->
    <step title="Starting PushDeployAsync" date="2026-02-01T19:32:55.418" /><!-- duration: 13ms -->
    <step title="Writing artifact to /tmp/zipdeploy/4eb484b3-8479-4514-976a-a46d7a11fb80.zip" date="2026-02-01T19:32:55.681" >
      <step title="Writing multipart request body to /tmp/zipdeploy/4eb484b3-8479-4514-976a-a46d7a11fb80.zip" date="2026-02-01T19:32:55.768" /><!-- duration: 22ms -->
    </step><!-- duration: 3054ms -->
    <step title="Start deployment in the background" date="2026-02-01T19:32:58.922" >
      <step title="Acquiring Deployment Lock" date="2026-02-01T19:32:59.316" /><!-- duration: 48ms -->
      <step title="Acquired Deployment Lock" date="2026-02-01T19:33:00.458" /><!-- duration: 59ms -->
    </step><!-- duration: 2092ms -->
  </step><!-- duration: 6196ms -->
  <step title="Outgoing response" date="2026-02-01T19:33:01.553" type="response" statusCode="202" statusText="Accepted" /><!-- duration: 42ms -->
</step><!-- duration: 14764ms -->
