﻿<?xml version="1.0" encoding="utf-8"?>
<deployment>
  <id>accd3a4d-3afb-429d-8144-ced2ed06fffa</id>
  <author>N/A</author>
  <deployer>Push-Deployer</deployer>
  <authorEmail>N/A</authorEmail>
  <message>Created via a push deployment</message>
  <progress></progress>
  <status>Success</status>
  <statusText></statusText>
  <lastSuccessEndTime>2026-02-01T20:06:09.7074532Z</lastSuccessEndTime>
  <receivedTime>2026-02-01T20:01:34.648899Z</receivedTime>
  <startTime>2026-02-01T20:01:36.2486615Z</startTime>
  <endTime>2026-02-01T20:06:09.7074532Z</endTime>
  <complete>True</complete>
  <is_temp>False</is_temp>
  <is_readonly>True</is_readonly>
  <containerId>71ae820b0e69</containerId>
  <buildSummary />
</deployment>