﻿<?xml version="1.0" encoding="utf-8"?>
<deployment>
  <id>acf03f5d-e02c-44b9-af23-f3aa0cad6e3a</id>
  <author>N/A</author>
  <deployer>Push-Deployer</deployer>
  <authorEmail>N/A</authorEmail>
  <message>Created via a push deployment</message>
  <progress></progress>
  <status>Failed</status>
  <statusText></statusText>
  <lastSuccessEndTime />
  <receivedTime>2026-02-01T19:33:11.4389813Z</receivedTime>
  <startTime>2026-02-01T19:33:13.3984756Z</startTime>
  <endTime>2026-02-01T19:35:33.027178Z</endTime>
  <complete>True</complete>
  <is_temp>False</is_temp>
  <is_readonly>True</is_readonly>
  <containerId>d862822f4f43</containerId>
  <buildSummary>
    <error>
      <message>ERROR: Invalid requirement: '@"' (from line 1 of requirements.txt)

[notice] A new release of pip is available: 24.0 -&gt; 26.0
[notice] To update, run: pip install --upgrade pip </message>
      <timestamp>2026-02-01 19:35:29</timestamp>
      <exitCode>1</exitCode>
      <recommendation>Please review your requirements.txt</recommendation>
      <urlToGetMoreInformation>https://aka.ms/troubleshoot-python</urlToGetMoreInformation>
    </error>
  </buildSummary>
</deployment>